,A,B,C,D
2000-01-01,-0.6198821013742788,0.39456930635168935,2.0673226914268565,0.13510913305828665
2000-01-02,-0.4097577793371329,-0.25594372213654343,1.390584011866955,0.4572471451093113
2000-01-03,-0.4195515638392889,-2.2277273621813842,1.4289469137141442,1.1158921011380745
2000-01-04,-0.4459769504299855,-1.4555909735888122,2.3453342124478445,1.0299702940002773
2000-01-05,-0.281451250705731,-2.957676113368512,2.470454373131313,1.4536236616746647
2000-01-06,-0.39889845676842267,-1.7800442866680992,3.815743432838614,1.8730399322825564
2000-01-07,0.06248633650814367,-2.784820169211141,4.6185689315552985,2.2746021413708832
2000-01-08,0.564511000999443,-1.3125891829449896,4.095930053083378,3.2295337795869123
2000-01-09,0.6457809269783011,-0.017293358528548852,5.056396909895842,4.19834500412032
2000-01-10,2.124545667758634,1.25476675004496,4.354324473137391,2.9690054062904725
2000-01-11,0.7123588676422772,1.1785407010212725,4.00491023716689,4.24154247264022
2000-01-12,1.198574067810215,0.835773523513002,4.361305994448582,3.494012802928154
2000-01-13,2.788187796168592,-0.750520367234882,5.09988834414648,5.254504518242047
2000-01-14,3.897032412814902,-0.4233281684955951,4.816706273400017,4.409364622777556
2000-01-15,3.8376399988563765,-0.6226615639510706,5.318319319010594,5.087146490487302
2000-01-16,1.5618614806754674,-0.5793506326820637,5.030544232588154,5.992194610996415
2000-01-17,1.211169803711622,1.7182208276814357,5.271880663061025,6.2793419446497944
2000-01-18,0.6571879601634397,1.199888180074969,4.851385865987926,5.9938260654716835
2000-01-19,-1.677183729502652,1.093067896833413,5.739273437643146,5.097935563368268
2000-01-20,-1.1299332779696036,1.801974669374507,5.640332561629707,5.501743485328669
2000-01-21,-1.557290632225221,0.5777090315639619,7.158823819401986,5.077489928717035
2000-01-22,-3.0470557983019892,-0.33114569941522676,6.562028681236338,5.078778906163328
2000-01-23,-4.923212695571425,-0.5205252259673004,6.5478236045427805,4.369447074303672
2000-01-24,-3.579876759038047,-1.374503891723334,7.302184720426944,3.855500532257256
2000-01-25,-4.39710463675128,-1.2745102664233947,6.785103289439909,4.926088517101807
2000-01-26,-4.520978550544191,-2.625780488502951,6.453376630711561,4.904110618023428
2000-01-27,-3.58878376705953,-2.0406208119163667,7.94110960735819,5.7464609065625885
2000-01-28,-4.351133330220302,-1.7289774823969584,7.835184534845278,5.968114723372224
2000-01-29,-3.2150084225490696,-2.7654167720422143,6.348977584827855,6.5030684847256905
2000-01-30,-4.081541711703684,-2.214498195670597,4.450919568341598,6.031038031376256
2000-01-31,-3.2320420951732705,-1.7621626509469923,3.7275278037476562,6.620718417879184
2000-02-01,-3.1679786781787342,-0.5066744599133524,3.542181523083444,5.286576403920021
2000-02-02,-2.5797408904666375,-0.3888958892543599,2.227753560758217,6.148047203792882
2000-02-03,-2.704381632828538,-0.5356330503178702,2.621987696343218,6.232004427142305
2000-02-04,-2.391386649240675,-1.6339788631527226,2.8824915968045826,6.452220758232033
2000-02-05,-2.4376574261301585,-1.421354749547228,3.0600196068946532,6.655686099001088
2000-02-06,-2.9527861328499925,-1.8259873576247216,3.6162714074822095,7.252620623941265
2000-02-07,-2.9200227569883737,-4.356223253130431,1.2880687232185832,5.908003526277119
2000-02-08,-1.9959275205045643,-5.5114595015951,1.7633386745278687,5.5920836291259715
2000-02-09,-1.9655692382939471,-5.466297564332599,1.6012423358048429,4.347336734169846
2000-02-10,-1.574880491891093,-5.055506641472477,4.855619350087463,4.6128288855860555
2000-02-11,-0.5707739279151081,-4.040980668316539,4.320140722154502,5.160121958833567
2000-02-12,-2.1335020753840697,-3.1715733996875404,6.448515071741802,6.242769755206517
2000-02-13,-1.604586729978823,-1.9023183035539135,6.965295429334336,4.918779554661768
2000-02-14,-3.0292851315583267,-2.1544960359391556,6.34668759801225,5.918367191732296
2000-02-15,-3.6892279315971077,-1.4630123262511368,7.335883960716619,4.349420811172797
2000-02-16,-4.1198834947624965,1.0036040965473432,6.430559362879575,5.788711416438543
2000-02-17,-5.241965666093593,2.0912573325287793,7.358387503399817,7.29597503272097
2000-02-18,-6.820810719334533,1.0652614466222128,8.067098810923001,7.802833802124591
2000-02-19,-5.264733722984423,0.7521400109839703,8.259313434243754,6.8391678768377755
2000-02-20,-5.746539413142844,1.052094670158065,8.583511383892333,7.20669017628172
2000-02-21,-6.832892535096355,-0.2443668979068323,8.531815319777769,7.664922322578198
2000-02-22,-7.591977176293899,-0.30166910100201205,9.822800738616216,8.799148794348039
2000-02-23,-7.623191249395018,1.6823655069117538,11.351050011644595,9.292232114665964
2000-02-24,-8.503143664116566,1.1884033982331428,10.76375695670096,9.657954261982386
2000-02-25,-8.787364254378158,3.5511612122622402,10.81632757780677,10.26763150761776
2000-02-26,-8.573578590381087,4.613650622897798,11.1251251047904,11.894218877860132
2000-02-27,-8.88613181251445,3.447318935789117,11.553328286616553,13.01092719599989
2000-02-28,-8.176660280869877,3.540870817793292,10.933266766199386,12.305259409470981
2000-02-29,-8.696593456470904,3.446614721402299,9.756133623574225,12.998940456521641
2000-03-01,-9.079659047092548,5.146297085982069,9.688939953648319,12.616272956707988
2000-03-02,-9.558749967265339,4.361933727131212,10.333479210715927,13.3021767605536
2000-03-03,-10.049052992285418,3.702729332500959,10.535779120819948,12.140475824984042
2000-03-04,-9.628339638867653,3.5518685719188903,11.942163097655673,12.6961331543945
2000-03-05,-9.38826873943304,3.134138427348781,10.72273225862564,11.978333950856774
2000-03-06,-11.347370350650152,3.1392651070454334,11.18227307892802,11.47476393201191
2000-03-07,-11.668663111394153,2.4520035854788924,10.733122461258311,12.1908481919273
2000-03-08,-11.52370785247943,1.7722983176952218,9.309005388918134,11.44022539393871
2000-03-09,-12.901109369312628,1.7408201317045386,8.594494982041109,11.282260782199867
2000-03-10,-11.657665544498304,3.3007624982954384,8.139643160210879,13.029810460432104
2000-03-11,-10.170530054120336,4.146274616678996,7.929879475268131,13.081138288255161
2000-03-12,-9.588627194300296,5.193834077412645,9.072881954996886,12.09597209741949
2000-03-13,-9.799912838423564,5.044376292057572,9.009099436774862,12.800428008149549
2000-03-14,-10.220419940928691,4.847228434953733,9.617451743203473,14.043284589171783
2000-03-15,-9.617348015878816,6.968666392389392,8.20640087308017,14.3403446298973
2000-03-16,-10.925216663051705,7.881954194488202,7.899551141321299,13.631363346251304
2000-03-17,-10.688117011375386,8.323344578673066,8.47955780586767,13.89400437911794
2000-03-18,-10.531470202815322,9.275597053637949,9.254696157109906,12.815252980726243
2000-03-19,-10.564828707695293,9.952681914176672,10.281886320495575,12.97789419644626
2000-03-20,-10.166420740871365,7.477062976834832,9.90786520016219,13.93308203845132
2000-03-21,-8.99612441687938,8.307743876622352,11.360614268772482,13.115253688801921
2000-03-22,-7.933141057310861,7.527124122280937,12.285819718396446,14.085063802989367
2000-03-23,-7.674085888038836,7.265194931100212,13.131355126474018,13.747315432872048
2000-03-24,-8.367043744224096,6.588692521364398,13.293089462203811,12.567604298065513
2000-03-25,-9.347102515787624,6.608007428530267,15.101517285126862,12.10312501110061
2000-03-26,-9.026558325322078,6.17407309094441,15.019255459644272,12.483732375298485
2000-03-27,-7.01549038788035,5.572068081620759,15.97706526846592,12.124304706885107
2000-03-28,-8.854893794896443,5.341188320000783,14.816802190693787,11.9138667528847
2000-03-29,-8.41309173883311,4.481900070605958,15.339266762610157,13.23895413365278
2000-03-30,-8.530101791877163,3.6428452290706352,15.713470023190817,13.588514007957116
2000-03-31,-9.286673580160409,5.9464254814047095,15.898532359237926,12.649324909075503
2000-04-01,-9.49477909159393,6.813699222795709,16.096218990092417,13.370339881363254
2000-04-02,-9.477420010524778,7.479719352279626,15.242688471367146,14.068645910949424
2000-04-03,-8.228971718543859,7.1188445936858304,14.16781006947668,13.950663054729079
2000-04-04,-7.930237286645342,9.115609932211845,14.680553809616224,12.974371653750362
2000-04-05,-7.295758219268471,8.486039374001443,16.16747712850322,12.549857545073127
2000-04-06,-6.583705867304761,9.153138928486545,14.71914009843886,12.199642309685226
2000-04-07,-6.698338021315485,10.515076318853222,13.96101883992925,10.824797920498577
2000-04-08,-8.551053837935427,10.808732674351043,14.17519568248648,9.793120625537748
2000-04-09,-8.81430964219901,12.307274786494853,14.074773463427888,9.220871619738954
2000-04-10,-9.023827336045281,11.019098551301065,13.04825898895977,9.482861755661325
2000-04-11,-8.271418437249226,9.860020314138126,12.609429832929145,10.759098178608452
2000-04-12,-6.782705133312953,10.702115021019452,12.498514541198416,10.471220419962403
2000-04-13,-5.5514638838213335,9.940044464312285,13.41205222040705,9.986401757342701
2000-04-14,-5.9028489878874835,9.29869343882908,11.72124698966656,9.325507006492796
2000-04-15,-5.501211152055825,9.472167555318755,13.792285198175193,8.635092396445446
2000-04-16,-4.025089527546998,10.672296929422359,12.809925689468779,8.676084492093448
2000-04-17,-3.5583676162847704,9.43807392292327,13.669677212186617,8.48118598444846
2000-04-18,-4.437046576651857,9.018236487096386,13.628404836655518,9.307915786571526
2000-04-19,-2.7474094858818807,9.557178123297977,13.872876571768836,8.478702719320351
2000-04-20,-4.911955543885291,8.539826186413912,15.63478265252331,8.462328526519535
2000-04-21,-4.127304313976847,8.604099674791382,14.951080578969627,8.13639476688454
2000-04-22,-4.871189621549607,8.371747042253343,16.267916695780723,8.415128334318243
2000-04-23,-5.4224829513829,8.854300678183339,17.2794269407824,6.4885151959052045
2000-04-24,-5.97674930059522,7.269716527868505,17.555779635795933,5.536457998571742
2000-04-25,-5.066865605538438,6.833434747065692,17.74650126200784,4.960769206688915
2000-04-26,-4.513820576427772,8.349397946993227,18.902051745804762,5.265052877376928
2000-04-27,-4.125131810327515,8.78785811137601,19.001260306617375,4.566104120898867
2000-04-28,-3.2933804916811313,9.45075227375592,20.619908427608998,3.9305346951899103
2000-04-29,-3.539727153248812,8.457463928384874,22.259624439078976,5.809703467817212
2000-04-30,-4.01933044941221,7.7265270692014205,22.543975990230713,5.9178393100505655
2000-05-01,-4.714534159567196,6.020374612913966,23.66928432436037,6.099537076556403
2000-05-02,-4.85386422033399,6.407806692206629,20.757783136905996,6.721500805519923
2000-05-03,-4.726237968786962,6.4898902149291935,20.345162256085153,8.612772986234924
2000-05-04,-5.842663110815861,6.728105381521264,20.184656819920985,9.423122850713444
2000-05-05,-4.958723122231138,6.737512445360708,19.523580949913626,9.036635019262661
2000-05-06,-5.086296863694195,4.850927618383118,19.502310762660194,10.414305957708134
2000-05-07,-5.477510382764788,4.905953432233812,20.349714204755728,10.98455872917913
2000-05-08,-4.756467967969646,5.664342920684324,19.6515807784507,12.242728872526742
2000-05-09,-4.074562004516706,5.6570383060964655,19.02636256476675,12.885917017194787
2000-05-10,-4.318283650107601,7.249400699676622,19.779922440861654,12.017478687304777
2000-05-11,-3.494146201304434,5.398069156994943,21.57419459427752,12.108962382552646
2000-05-12,-3.0951566157322894,4.9111373904245506,23.680406126711713,11.492105949694876
2000-05-13,-3.1106249081569826,6.034181751328758,23.21722932966862,10.612212010508738
2000-05-14,-3.0210714404512116,5.788495714820358,22.960419961298623,10.52054964867101
2000-05-15,-3.8821267561562283,5.54486016719605,23.046388482611984,10.290113917780946
2000-05-16,-4.162661828261569,4.867199573529009,23.792326770845012,10.380305668952383
2000-05-17,-3.668980726244688,4.985483423958401,24.599530621066044,11.82471876507886
2000-05-18,-4.132188871000958,6.5724181520878115,24.590476719813594,12.883132930301961
2000-05-19,-2.316914716306429,6.746829140550701,26.058396916950613,13.120837828038237
2000-05-20,-1.7630649489726018,8.689788688655016,26.642753047267252,13.437049955865994
2000-05-21,-1.113736235715837,8.2293119575564,24.803369895615106,14.298880985778302
2000-05-22,-1.456825018864504,7.175342552137533,23.935887262306284,12.91136427486595
2000-05-23,-3.0183433836534572,6.839663839313927,23.2754367363407,10.976583354185983
2000-05-24,-2.100069576176666,7.526451118631813,24.037232042249617,9.447151190033091
2000-05-25,-1.8640312003365853,7.274073483825891,23.79321076275912,9.966929414073268
2000-05-26,-2.487925698920031,5.823180394849381,24.613822956647738,9.971303207356282
2000-05-27,-2.727780952350862,4.438786366824019,23.241228762726866,11.677281186148221
2000-05-28,-3.6515998918672627,6.134450652508174,20.957680052225896,12.117736562000461
2000-05-29,-3.6619571343334276,7.037036060252511,21.142489041670913,10.847925283472803
2000-05-30,-3.3142523497007623,4.6790207322167685,20.100735881905994,11.5009244555288
2000-05-31,-2.7893556514570284,4.76250385975268,21.447252360398974,10.619170652737022
2000-06-01,-1.968186153533641,5.093319091467009,21.132484336260188,10.954794137566791
2000-06-02,-0.3627604301016587,6.270719019012363,22.27585881769854,9.723459569672844
2000-06-03,0.036713314025768495,6.625892042460835,23.445823743300185,8.758415151116099
2000-06-04,-0.3389837057102325,7.898536268243368,23.07070245657157,8.704675504225975
2000-06-05,-1.2297299765775556,8.852534337702851,22.905674417128353,8.673720069102446
2000-06-06,-0.7089744564197106,7.6584283114257055,22.24514016212104,8.706434887843475
2000-06-07,-1.1717159627112557,8.006684602654833,21.360033334155645,7.491843126570589
2000-06-08,-1.3508756382822582,4.993422146453856,19.869432956647206,8.74586906384379
2000-06-09,-1.9092774514495385,5.353260865566383,19.916899040017018,9.06855193329243
2000-06-10,-1.2690863440449527,5.066475477138058,19.45005533730614,9.444340870905672
2000-06-11,-0.4377302322328277,4.160925764505322,16.424281220883383,10.284468044512247
2000-06-12,0.4262167679020008,5.139128614747248,15.43739621547963,9.160391644561228
2000-06-13,1.2344808993777376,5.601862995372958,15.783331914080298,8.61604953982795
2000-06-14,0.6431197376021265,5.627781604101972,17.297077868829838,9.060413332214452
2000-06-15,1.7511389029886981,6.301355264209396,16.70656677976707,8.714098784615452
2000-06-16,2.698875696062544,6.730603732115824,16.612840444441662,10.069305075149643
2000-06-17,3.2632675399337545,6.2185092325563645,17.448944800730548,9.557331747389627
2000-06-18,5.168971097046199,5.186838797726706,17.303384812623776,12.175614548093751
2000-06-19,3.3108079532844297,4.9401309040507755,16.29371968082236,11.495618175325056
2000-06-20,3.4390685545437583,6.237179326103051,16.847562759923917,11.210812562257557
2000-06-21,0.9185025297786318,5.1768942877788815,17.045994904886747,9.889755252591575
2000-06-22,0.4916493563677965,7.15175981568942,17.817784023669827,9.006601271691595
2000-06-23,0.1905547665574251,7.563068147226443,16.958298417206453,9.867063440454222
2000-06-24,0.03922538304081924,8.056235244728263,17.289715580872382,11.189057882850513
2000-06-25,-1.9051486128801973,7.756883214609255,18.18419829087295,12.45498016466074
2000-06-26,-1.8751178486671272,9.047345688999087,16.91808409826783,13.624041350772842
2000-06-27,-1.6878882483817428,7.875269070645551,18.271374282556067,13.8448300456404
2000-06-28,-2.7390741012105826,8.222318960229227,17.41511085543522,14.624964803022177
2000-06-29,-3.384280212032069,8.750651314817603,18.00355016671486,14.4189586106927
2000-06-30,-6.583582681639194,8.994646828942948,16.325284608080818,14.758379525846411
2000-07-01,-8.5446613022763,9.324844917168704,14.884666946970343,15.626169990005963
2000-07-02,-8.13054890821413,8.250720980267984,14.341626492582975,16.112246314132456
2000-07-03,-9.16073290974257,6.712272511313863,14.925955032916098,14.668737855685288
2000-07-04,-7.508869605219685,7.491409823641623,14.468388313603965,14.389948424024903
2000-07-05,-7.778666044690371,8.131629238708385,14.692634460308325,15.7116987548591
2000-07-06,-7.038128479892649,7.577272394710567,15.197093657426489,15.450613028822428
2000-07-07,-6.318909803259746,7.661345332894244,15.630457573859381,13.68208769313385
2000-07-08,-5.940738170641245,8.22331538803372,16.93577515274854,14.771363621814677
2000-07-09,-6.326333013064515,8.564544414349136,16.30413457218697,13.713243763039447
2000-07-10,-6.985697094586657,9.868697922748627,16.934945678594538,13.963975272028579
2000-07-11,-6.164755299039878,9.857107039881257,16.095225280541246,13.746324973111834
2000-07-12,-3.006677994245832,9.694636613680427,17.595970771459804,12.778765549999603
2000-07-13,-3.710711347941807,10.878812624923587,17.919310799500142,12.586608276938062
2000-07-14,-6.049169604700646,12.831290268801753,17.37762347725638,11.734733897286182
2000-07-15,-7.02515807391373,13.471443500751331,18.449338691945364,11.21581978815496
2000-07-16,-6.947791462065314,11.81772882562249,18.33298607888953,11.202766188950733
2000-07-17,-5.7320054518685755,12.23347252898185,20.970329707592448,10.849355604669466
2000-07-18,-6.6966413039557775,11.5953548596056,20.233995268740927,9.4452835538328
2000-07-19,-6.179434219175555,12.957346356695718,20.1100972678499,9.494641018252445
2000-07-20,-4.966808732973856,12.358210720192456,19.612017212795,9.845405558904295
2000-07-21,-6.652932861490789,12.795748769395843,20.062756419271587,11.66163902585494
2000-07-22,-8.179383302174525,12.998035394577057,19.194930186646157,12.044387125565027
2000-07-23,-7.991792638131552,12.572200881315293,19.230606292462227,12.06160985768778
2000-07-24,-6.639190702249422,12.389779072269603,18.914746793328415,10.029171487291164
2000-07-25,-7.42119322463753,11.667544854988776,20.503237446489855,10.056432347358712
2000-07-26,-8.125470232267404,11.054408977421623,20.580755544012444,9.806035110281218
2000-07-27,-8.085088844780714,10.230900677378065,22.05291060665509,8.89009152079745
2000-07-28,-8.826754473657441,9.475528138992464,20.877261129290265,8.517549627498
2000-07-29,-8.288317101315094,8.489639151229156,20.54281670652151,10.622599001301085
2000-07-30,-9.202841935317633,8.870105142768374,19.668889553067835,10.732833582670262
2000-07-31,-9.28095431407302,8.652006421325652,20.049817804986212,9.458226374227149
2000-08-01,-8.820608619691251,8.674443490900174,20.03477661383739,10.62924292734338
2000-08-02,-9.323842692498314,9.440949560658309,20.12677310723436,11.266924460237531
2000-08-03,-10.139233240609956,9.70324466961864,19.196022828063246,9.927881991412363
2000-08-04,-9.870446637243983,12.315815808753445,20.18842930565261,11.01610691670238
2000-08-05,-11.138986612065299,11.698622256065235,20.874484861812377,11.463866107928212
2000-08-06,-13.000068216672119,11.758304991785463,20.399505007243683,9.465718356478249
2000-08-07,-13.685643313892783,12.741310356521124,20.682379436161987,10.85335095068096
2000-08-08,-13.23595522890762,13.052245220328706,20.33908572674932,10.950066147714294
2000-08-09,-12.036122998236069,13.659642697384994,21.225836643693576,10.171399852775028
2000-08-10,-11.840772239162586,12.564726982787752,20.516426553332398,10.674264845441185
2000-08-11,-14.157252240316263,11.66734865466818,19.98579903069135,9.200990266518327
2000-08-12,-15.272873377281265,10.763588317275888,19.60958078950895,8.727749715647638
2000-08-13,-17.088991722278834,12.400191986913127,19.125737853177736,10.396617186606898
2000-08-14,-17.451466166289777,13.653933704910013,18.129786322266188,9.477706336625259
2000-08-15,-17.70423435716588,15.071817825398885,18.548974242399723,10.330109403598707
2000-08-16,-16.700837960355294,15.77187978975943,17.734759735155546,11.139049449876023
2000-08-17,-15.830226629193215,17.048931800675334,18.02439444526784,11.555447865798365
2000-08-18,-14.715976268059832,17.319429864303306,17.104183206587344,12.260566044092448
2000-08-19,-15.268395501957626,17.18266499667684,16.845006534093965,11.113637093613763
2000-08-20,-15.418758143749972,16.57007652635702,16.315678800765937,9.404747038259512
2000-08-21,-16.996904336614282,15.386631863300554,16.617899047970894,11.115019804234947
2000-08-22,-16.13427861750034,16.78472684749387,16.991431065802132,10.538278614384517
2000-08-23,-16.192565147631225,16.46179207076125,15.049929458609386,10.782608379548387
2000-08-24,-18.225030673187014,17.861371243066664,15.228182552021241,10.877000457846565
2000-08-25,-17.67967229642934,17.939533375325368,16.920828021739958,9.898076899143325
2000-08-26,-18.024196381674248,17.05041578354035,15.615366656994222,9.341100972621978
2000-08-27,-17.729751998828757,16.98325644508934,13.670247137002724,8.911860090351373
2000-08-28,-17.314907064633935,18.147387698458424,13.072276478219512,7.221469786798595
2000-08-29,-15.238654281883981,18.345601731653602,12.969778582242927,6.121042732429712
2000-08-30,-15.114284475813216,18.248951451850246,12.19102619835393,6.848420637542194
2000-08-31,-15.54499102754497,17.489078054914195,12.867654036013404,6.816151718203847
2000-09-01,-13.542954765979573,17.676267722444674,11.311349407399211,5.8152611574997355
2000-09-02,-14.749123480219284,18.385729431929587,10.983642792606975,6.952337255745464
2000-09-03,-16.324309888168003,18.451838658848043,9.807916383884377,7.38713105465769
2000-09-04,-15.630830665222954,18.079735245595252,11.346463502141347,6.983262595281982
2000-09-05,-15.736560731912954,17.100144961665542,11.804319636697622,8.059307323693687
2000-09-06,-16.12248312257828,16.932804112343373,10.53460121501512,5.808048020469462
2000-09-07,-15.729071016403232,16.167409942410206,12.031755788294,5.129271953991552
2000-09-08,-15.123990938521493,16.628132397520275,11.369973429980469,5.474589385629543
2000-09-09,-14.83136175823302,15.604883346574036,11.494269975548267,4.306880924710418
2000-09-10,-13.190111334940248,14.602323570371526,11.31044219387588,4.267776577438241
2000-09-11,-13.826635587851875,13.87389211776593,11.573681464760538,4.46923996284872
2000-09-12,-11.335887396472977,13.945083145037867,11.364150798889996,4.7552524845724955
2000-09-13,-10.47963171526818,14.248978638380079,11.99214977074069,4.760026521498697
2000-09-14,-10.266087325987204,13.538750181578363,11.953603631713285,5.103492971669819
2000-09-15,-9.685444804634617,13.880326873594136,11.466382663615066,5.519386579879684
2000-09-16,-7.716952050406183,14.055498936585355,9.901368154152365,6.955216621735618
2000-09-17,-7.443961785633648,14.891980624081096,9.722571797331446,9.453965675368098
2000-09-18,-6.223066034668643,14.533784022745428,10.709215890295601,9.213145931580264
2000-09-19,-6.02152342652583,13.626884596395206,10.488557500993467,9.373543321902922
2000-09-20,-4.1552946551818835,13.146902291168079,11.553772917833783,8.851826977429152
2000-09-21,-4.97327100293826,13.97056316600287,11.859564699733243,8.39156792072496
2000-09-22,-3.435221738817145,12.750445879442786,11.294128325642852,8.354160706215747
2000-09-23,-4.187503798705805,13.130683091362965,12.525195985786556,8.387086233221343
2000-09-24,-2.962566197719064,13.930830321902022,12.159169496523488,8.705308496073618
2000-09-25,-4.539009544798425,13.376701156729284,10.82451393484848,7.294331654499025
2000-09-26,-2.4144270484576245,12.82241298261242,9.112659121366717,6.96143828920143
2000-09-27,-3.513938614346247,14.658757728070185,9.12153644879984,5.720946189341962
2000-09-28,-1.7406540148638283,14.464889539948562,9.37049371382974,6.726024300651415
2000-09-29,-1.790126866923081,15.713566020032584,10.837224897363429,5.861988628811851
2000-09-30,-3.827008512749125,15.033117797891837,10.663615258555433,6.242389912813749
2000-10-01,-4.291627543952888,16.51806729195385,10.523233246413477,6.847554326653023
2000-10-02,-5.266782294843954,15.791563522465088,10.5373516893384,6.575790388723868
2000-10-03,-4.675097862282625,15.186699132111348,9.693347468441653,6.993453502311718
2000-10-04,-4.937798009646324,13.963389447530583,8.739099386442195,7.364105952879445
2000-10-05,-3.669017219450608,12.52455617990447,8.757537884734209,5.94939768287083
2000-10-06,-4.729479341780799,12.915505931059219,9.166685927409114,6.830335468109397
2000-10-07,-6.559224728603716,13.236522912976598,8.626727047237237,6.987651832556724
2000-10-08,-6.196281784881445,13.1579869292415,9.221688223932148,9.472171046038167
2000-10-09,-5.152718262221777,13.21358365518155,9.757536585679807,9.263779577826183
2000-10-10,-3.868325766961144,12.437732492785228,10.388349480050477,9.962067596190048
2000-10-11,-2.8284170749176085,11.056750588262204,11.337784658756139,8.360482236395912
2000-10-12,-4.516415807674774,10.342212946231516,11.665517369238923,7.861194076359671
2000-10-13,-3.17776691717202,10.466850550373202,13.05021675478612,6.801918106467488
2000-10-14,-4.633653582716934,10.783706752241116,13.077323745928867,6.88244860647698
2000-10-15,-6.23080305406798,11.845648418628876,13.622592103902615,5.710403687228731
2000-10-16,-6.684248764945168,10.20336368580388,14.592120771187647,7.248746067538853
2000-10-17,-7.564833234321471,10.0108026401582,15.263379144904315,6.338555970012545
2000-10-18,-7.497796265023323,10.084310797868126,13.96949466253603,6.9395990815238955
2000-10-19,-6.784188229851447,12.350685727249516,13.105841488588133,7.277859516531458
2000-10-20,-6.881739490857065,11.94685095861127,12.357751774235199,6.8276768332694076
2000-10-21,-7.704720984580223,11.069185787672609,11.531484165048855,7.985235427731795
2000-10-22,-8.93634351037095,12.159308210691314,11.63912213044251,8.416405367150203
2000-10-23,-8.780307850827365,9.376242403201486,14.185850856573072,7.84856700563035
2000-10-24,-7.5483428250481355,10.248294906200902,13.838448487865449,6.795191812688541
2000-10-25,-7.441672361394191,9.812338938147183,14.656723289410719,5.158330885069388
2000-10-26,-7.551453804016683,10.688057253166003,16.068582046995317,4.922081548943416
2000-10-27,-6.8512970095165775,9.698812486665096,16.45629717710685,3.90575195329421
2000-10-28,-5.959575249641753,9.707479055426116,18.148041763472307,3.8351092352131295
2000-10-29,-6.448427614062058,11.122965603114396,19.70579482550837,4.175446156689856
2000-10-30,-6.220527502035506,11.116864993594906,19.3663848780472,4.547673830777547
2000-10-31,-4.59783448058096,10.323001926724567,19.012917345927494,4.997518220664513
2000-11-01,-4.408334117067913,10.208879415307695,18.142833163596528,4.110822707473329
2000-11-02,-4.05409274552052,11.356799695018704,19.011816533995905,4.57259981029142
2000-11-03,-3.040409523870041,10.92862268095202,20.34198986583476,5.436836551678986
2000-11-04,-4.464035653821045,10.840921122241305,20.120945298055712,5.776620508285286
2000-11-05,-5.441102675708154,10.542492744995172,20.362455312351138,3.633957777209091
2000-11-06,-4.559105664789783,11.350687379177,20.516669720413137,3.482067551750829
2000-11-07,-4.982220499310131,11.977848267890424,20.178487853031758,4.8850703020432515
2000-11-08,-5.7960218465811035,10.35098981390178,21.32082159075187,6.050093675375688
2000-11-09,-4.115199419919087,10.578274977995004,19.640096141859168,6.004433235242536
2000-11-10,-3.44239548953862,11.807608460135182,20.60898538130671,4.998043073043981
2000-11-11,-2.176599047424319,11.040808406219991,20.025049170978633,6.481454090025676
2000-11-12,-0.8749626642381452,10.323069179609325,17.967975920950675,6.973931105763313
2000-11-13,-1.6527549162284836,9.50472884437114,18.20087093023781,5.872418524035215
2000-11-14,-0.9348328932152835,9.518403605047196,17.506708152669002,7.976762127130543
2000-11-15,0.6769795486090467,7.986164373069049,17.436059626455336,6.615728730824273
2000-11-16,0.29233704259154686,7.332779393283517,17.01497734765873,7.964888319760402
2000-11-17,1.0553887273512366,7.320582799829597,15.818285648244888,9.278841655753055
2000-11-18,-0.42011303850264814,8.075436062447857,15.088095397399337,9.274752952136158
2000-11-19,1.180055778382638,6.944282825095332,16.287843380084787,8.100410219249873
2000-11-20,0.10283511788471622,7.043984494517442,17.91988373123629,7.571004446389288
2000-11-21,2.1355012267445916,7.939900542140807,16.858877236186267,9.240239064018528
2000-11-22,4.615769882988129,7.885014437880833,17.472395139753832,9.55420870166682
2000-11-23,2.919026058348379,7.129555899628924,17.0622765564275,10.094665569949631
2000-11-24,3.008826136713992,7.177266951236009,17.052601457314225,10.817689899828018
2000-11-25,3.846449562409255,8.391126025173312,16.88500856567735,10.706379205323218
2000-11-26,5.738130380706785,7.704374083480573,16.803800227967518,9.766208863895242
2000-11-27,5.0088025304459824,8.003766447572687,17.742739285918653,10.522575134066653
2000-11-28,4.24497788141634,8.60989821617877,16.862435516355937,10.624417278013722
2000-11-29,5.816713201896787,9.271221922234046,17.786391987596783,11.657045391239475
2000-11-30,5.697790321103035,9.43503332411148,18.404165533961304,13.738531983040264
2000-12-01,8.121199224685366,9.787685482922573,18.915214832905196,14.247328716138659
2000-12-02,8.073803829099187,10.200867150628198,18.66245265006604,13.911168236156422
2000-12-03,7.781330904526019,9.12448483306522,19.08659315281416,14.151324206687585
2000-12-04,8.581444238914385,8.871596124858808,19.72054543244199,13.363315433537473
2000-12-05,7.7742043444802675,7.4024967914128545,20.04335595688343,14.691178649070578
2000-12-06,7.051115705654816,8.26712961763658,19.781294868378485,16.036310697576436
2000-12-07,8.812440663012747,8.106280170527905,20.856172604789347,16.416078800061523
2000-12-08,9.368600734987819,8.467154626272979,23.14568583051729,18.078661257060347
2000-12-09,8.619183603332745,8.775168532026434,23.56305974469107,19.103646093417062
2000-12-10,9.595257654846096,8.653509618541904,23.43651640806013,17.48274163829065
2000-12-11,9.583184891737,8.851000367574953,24.392969527309084,17.067370924886273
2000-12-12,10.182509956835984,8.504009858479556,24.0344018975315,16.766080671514693
2000-12-13,9.889035800721274,8.064660734261624,23.726338809438136,17.056381080735953
2000-12-14,10.648667000175946,8.073410050243957,23.645870398008338,15.131567289323218
2000-12-15,12.71402924957598,7.463751124810529,23.79278146257203,13.069046802577862
2000-12-16,11.457490728954978,7.577123349258815,22.95987079625746,13.244432932972169
2000-12-17,12.631434707896497,8.808076111631463,22.939012204999578,13.533510190550594
2000-12-18,11.89001001409868,7.429733830673824,24.452563953773478,13.905711589518639
2000-12-19,12.435843435742733,6.713475311159134,23.228679793141705,14.043787839651356
2000-12-20,12.045916566434116,5.179984513782722,23.995662043158706,15.34774500461412
2000-12-21,11.360584308509207,3.895195566588563,25.058914120543218,15.606163918648118
2000-12-22,10.050883954480451,4.767038764742784,25.653986306969614,14.928051543153451
2000-12-23,10.71557934512863,5.433459923647326,24.823990315763503,15.7920196118648
2000-12-24,9.512742878957063,3.687138092367614,24.639131900009954,17.7600543781822
2000-12-25,10.868832424023212,3.4703524181692575,24.22666056932131,17.54198429380203
2000-12-26,9.698097325473496,1.7190318264623896,23.862565819475318,17.149080767533434
2000-12-27,10.299162053516033,0.3156541964570594,22.734025757936575,16.5296590230779
2000-12-28,9.900888240586841,-0.7193675965289201,22.291307324709287,17.877394504498834
2000-12-29,8.770227738180164,-1.2328462547876722,20.58689627241782,18.78838538471189
2000-12-30,9.855898061905236,-0.9317856209824904,19.49155334581475,18.133559336392178
2000-12-31,8.629312164788558,-1.7159801354838422,19.667303398123213,18.612111310223774
2001-01-01,8.942369053742103,-0.9117411025950506,19.77555939573897,18.843711554737727
2001-01-02,8.028929303376087,1.048349799639069,20.93066273967786,17.865598533021547
2001-01-03,9.126389067674847,2.8420588085686953,21.596909764355555,16.974121180886794
2001-01-04,9.120707214615065,2.417540647494264,22.200259825405595,17.369820517370794
2001-01-05,9.340042429530751,1.5724947237089315,22.51759419583927,17.41154482018529
2001-01-06,9.562526534010729,0.6142953324027991,21.452285891791472,17.608845362898776
2001-01-07,10.85121715432026,0.9633134712068203,21.560283122328602,18.038011594093106
2001-01-08,11.085782371553314,0.7863813596644902,21.95943498242752,19.990101975886446
2001-01-09,11.384399167888848,1.124759159430936,20.308208058678158,20.265913068086398
2001-01-10,11.73404567696271,0.49726269404023615,20.382939097217122,20.08491256528655
2001-01-11,11.774787559277756,0.4233126452953629,19.9990881252821,20.515655652772676
2001-01-12,12.757652151740947,-0.27243430957291775,18.902357472204006,20.246868604323424
2001-01-13,13.029782414136656,-1.1283621226015204,19.09542202598065,19.65020514314348
2001-01-14,12.97921527365906,-1.5977148685433202,19.925801778550888,18.73960715892722
2001-01-15,12.689571425278121,-1.7524291045274998,18.648793897550586,21.93070476775791
2001-01-16,11.334044862253702,-1.5931714054129749,20.16989662841928,22.09903791313241
2001-01-17,9.751271951539746,-2.219303509317884,18.313837637899038,21.903775351527095
2001-01-18,8.625203269108829,-3.5199133254517925,17.39926097177451,21.965793557922456
2001-01-19,8.828110356594923,-3.57529418432468,17.16138741564735,22.66221276459214
2001-01-20,7.340116260233761,-4.91586635570245,15.198072213386205,21.507014883549576
2001-01-21,9.238243582284385,-5.260429566039148,17.581637322941948,19.328707380749602
2001-01-22,9.424274250304167,-5.445176681292024,16.775171983362117,17.449863893420222
2001-01-23,10.28898783546604,-4.848155535422709,16.78426194097578,18.36320459207102
2001-01-24,10.815451160803725,-5.391603616983868,16.51723291094421,18.53991132620903
2001-01-25,9.571129312313351,-5.42816188573398,17.639183895287786,17.099995608626674
2001-01-26,6.974395784516499,-5.778245905419849,17.481352787448873,17.037060609647273
2001-01-27,6.4022795691512915,-7.441162112688688,18.106588832727287,16.31455907427507
2001-01-28,6.152750624425195,-7.809799790191343,17.558102634416535,17.33324112637222
2001-01-29,4.775339947332685,-9.501964331839233,16.400015234598335,18.06977070432755
2001-01-30,3.0170183413499623,-10.126026486507593,17.036890864822542,18.169009263921968
2001-01-31,3.990351371762161,-11.124862942105155,16.32752225224473,18.202450379435433
2001-02-01,2.4335219498073526,-10.46425204212279,15.228489091073154,16.787278648614503
2001-02-02,2.4385863530083975,-9.610043503492847,16.395349222204093,16.677603686112985
2001-02-03,2.3493445500493944,-9.463629625228856,18.35015768744548,16.88495839063072
2001-02-04,2.346899609474311,-10.921835571197434,18.351524227992044,15.964104763241226
2001-02-05,2.5988225376762544,-12.71394340895969,17.557348867610386,16.16980468658742
2001-02-06,2.346373475174252,-12.296764982677086,17.01077052296919,16.435797059613755
2001-02-07,3.279847407494249,-13.460430516604625,16.650572395126765,15.381636725553546
2001-02-08,2.9285003488558634,-12.783899780572042,16.940924599661752,14.923897705377874
2001-02-09,2.441485556272884,-13.161179534469552,17.427262046827646,15.3158818929118
2001-02-10,1.493435512613174,-14.424855669144359,17.29360558807526,15.06359839053494
2001-02-11,1.7830115623629559,-14.22715566126473,16.952489343817145,15.617160123896605
2001-02-12,3.5981545637338925,-14.209120208323313,16.668785766889684,14.81090734891745
2001-02-13,4.296154436258309,-14.128857228277624,15.515710847425492,15.909388957962808
2001-02-14,3.0007433050486525,-14.54721770496985,15.356242672846736,15.329753318980842
2001-02-15,2.786270436223932,-14.125915674264578,13.259031071446353,15.958719399022755
2001-02-16,1.9728129255432107,-14.269614787148488,13.867284211764694,15.58574531888726
2001-02-17,0.5073112645661484,-15.585078353904011,13.363280819429562,15.282962986264426
2001-02-18,0.590710047521889,-15.379185929231364,12.700699296728908,15.660651993503814
2001-02-19,1.1451087979728203,-14.004179866038447,13.430415614172365,16.235935784409016
2001-02-20,2.4367124936123807,-13.301264192444155,14.965220408967413,15.915706953578825
2001-02-21,0.8880381398155184,-14.399933262285735,14.805646251883461,15.150536145790458
2001-02-22,1.1003512611943995,-12.784042153579763,15.070507995375843,14.834466734421708
2001-02-23,-0.2493116859136435,-13.084560674681347,14.57908242701542,13.901463361702046
2001-02-24,0.3138578666418437,-13.67799248886273,14.473920166899468,15.059616255600613
2001-02-25,1.5190232092316964,-13.936370069577551,14.773972685803457,15.572275118673751
2001-02-26,1.4151282294221732,-13.156305195260886,14.298436479628187,15.505468463857381
2001-02-27,1.3143063135010808,-13.969057093793849,13.699149304324566,15.193743276350956
2001-02-28,0.469853771118507,-14.180754505258195,13.974060595879049,14.249246830289392
2001-03-01,-0.5938366407291701,-12.779143098563283,13.428567083630751,14.085569280178772
2001-03-02,0.5928005809886477,-11.457901772663158,13.871552383647208,14.930373795777765
2001-03-03,0.07857878460437329,-10.791460079526667,14.07623605089259,15.254700959244047
2001-03-04,-1.0434042579962546,-11.951616674010122,15.755250617608556,13.66632787122045
2001-03-05,-1.076915059071925,-11.334139227164421,15.441806083032903,12.616748545440885
2001-03-06,-1.265195317305544,-10.935525760742824,14.586430203466955,13.507661061004807
2001-03-07,-0.9054222552462218,-10.742604035751118,15.156006185745003,13.59874931380777
2001-03-08,-0.7372731481820368,-11.002260950788843,12.796234234408583,13.443511377395662
2001-03-09,1.5407629289984466,-12.606286121597655,13.46037292752698,13.599723024125808
2001-03-10,0.4981720304917343,-12.30986494622204,13.457695336594401,13.799720712498596
2001-03-11,-0.7592920992098822,-12.806786634627997,16.052040270396823,14.175754482908943
2001-03-12,-0.29701732630405686,-11.25198150979329,17.142529690296385,13.825140227748692
2001-03-13,-2.5216702105512416,-11.058428872603534,17.748917215788385,13.802728844489785
2001-03-14,-4.430638273548951,-11.10672793376297,18.35289199295412,13.621679733743399
2001-03-15,-3.0741243335030726,-11.785067800157277,18.377127115639105,14.243679202078877
2001-03-16,-3.635740639757386,-10.079967969348653,17.25051904195712,13.574768148034737
2001-03-17,-2.9925793709433397,-9.226847454395184,18.5265698628717,12.66138812931624
2001-03-18,-2.9543564997889042,-9.367133866350862,17.07398991916392,12.585702727432132
2001-03-19,-0.8699895767165118,-8.986543868883034,15.409396932281725,12.448498798775178
2001-03-20,-1.0354413255558927,-7.6443865839581315,13.926853245142334,12.052823074790913
2001-03-21,-2.5350576205457926,-8.569144659488217,13.83275950361661,13.41094745439943
2001-03-22,-1.9986357069942793,-7.817327855682529,13.116318320565997,13.86620126946562
2001-03-23,-1.837236697946094,-7.208296818087,13.516144299272572,12.62555674494667
2001-03-24,-1.3604448660164088,-9.791826470949903,13.8970578121351,11.623122189788871
2001-03-25,-1.2113532194540018,-9.193189868888886,14.130050194805316,13.248499276700933
2001-03-26,-1.6883520033604038,-8.820703436522448,15.51714729213395,13.539505690609849
2001-03-27,-0.513705580934916,-9.014876386651013,15.721200838312079,13.699504413487876
2001-03-28,1.0701417705846303,-9.151030704543127,14.985689038551968,12.205018818452436
2001-03-29,0.8847622202175139,-8.723599323652348,15.89871023924194,11.506363093318036
2001-03-30,0.49473572492603557,-9.884542248014366,15.551232842101946,11.748047352933874
2001-03-31,0.5252410218377721,-8.753824738503546,15.537141592155708,11.809253504374631
2001-04-01,-1.0049021903008284,-8.153109962179844,14.873647425239172,11.22109232724902
2001-04-02,-1.197435123451049,-7.561816226841007,13.083937293994904,10.763879526462235
2001-04-03,-0.8405231754686959,-7.710134977461692,13.274690412133713,11.564230794069534
2001-04-04,-0.20312282841113216,-8.53392702323924,14.806105809328283,12.570983393680867
2001-04-05,-0.4901954819889615,-8.860459702267914,13.874828502615165,12.103280144238944
2001-04-06,-0.17522295758212342,-9.169783530221297,14.17993556712025,11.24055634572563
2001-04-07,0.12628608980761447,-8.778261744144812,13.287565539160372,10.596932266611704
2001-04-08,0.10548482768854,-10.402624676849639,13.470960096965314,8.356147508626544
2001-04-09,-0.5762490863218204,-10.020591654999006,13.140976207288071,8.378525793573774
2001-04-10,-0.9907633806795508,-10.608572814260251,12.957036954156251,11.409126475307406
2001-04-11,-1.0778015418781186,-12.237717741333817,11.996302559278854,11.595614098557052
2001-04-12,-0.6323538586754638,-11.506779920452875,12.980489729939585,11.88896764556894
2001-04-13,-2.7276379963151416,-10.08346092996758,12.111293866775096,12.460820523361937
2001-04-14,-3.6617745809333426,-11.41363359867204,12.786053476449595,13.596283341927126
2001-04-15,-4.0925439462745965,-11.115660468230027,14.172208925754095,12.613230017232002
2001-04-16,-3.0698388422233287,-12.330853543036564,13.650241939890895,12.571779395608527
2001-04-17,-3.6477427942820184,-12.581579001889489,13.430467266543875,13.987334266716552
2001-04-18,-4.304976112089605,-10.987186081126405,14.085321520218915,14.68747546085123
2001-04-19,-6.720057225394017,-12.36115276794948,11.862067986380659,14.089655487286901
2001-04-20,-7.876063309367139,-11.961801966148755,11.055174600280914,13.470866971941867
2001-04-21,-7.5785532344954305,-12.175930825246072,10.60563275260973,14.371417803591742
2001-04-22,-8.40954506062836,-13.116235571920853,11.714416719473123,12.97691613801803
2001-04-23,-8.977305192833784,-13.133459135203946,12.654316922060136,11.373111975415538
2001-04-24,-10.298898717071502,-13.364846422307474,11.776083979916814,12.358202887696585
2001-04-25,-10.509489572126151,-13.756276675669334,11.301546177363695,13.379306120556008
2001-04-26,-11.938271813908798,-14.333986530420603,10.74034556341503,13.472887851832786
2001-04-27,-12.385679654979116,-14.411287938317987,12.651014752819512,13.211618705258264
2001-04-28,-10.924420137303096,-13.972984633948395,13.592125796031471,12.012865418804482
2001-04-29,-13.248103574198318,-16.254183935338443,13.834738836308842,13.011302733075274
2001-04-30,-13.682890243889672,-16.601666223305887,14.128027675889218,13.574859395648945
2001-05-01,-12.683528789385008,-15.672068367289215,15.229005289449843,13.486953114542079
2001-05-02,-11.93870144811714,-15.311888378278427,14.85842997850989,11.55044091018506
2001-05-03,-12.566523796561706,-15.688944471768558,16.5339130734797,12.433986103182852
2001-05-04,-12.072971822947041,-15.644577512371674,14.00864302013012,13.368125316712604
2001-05-05,-12.323462916598682,-15.106434477110286,12.195873877658503,13.302576200865042
2001-05-06,-13.576926220904156,-13.579694890177729,13.700779665075833,12.884539541017125
2001-05-07,-12.890324787317873,-12.725707470297216,12.458392853206071,12.971308421204172
2001-05-08,-12.251150024137704,-13.512315465711916,12.270617510294201,13.324975670847206
2001-05-09,-10.333046352716144,-12.911468990860934,12.484443726215904,14.114367031069902
2001-05-10,-10.121846520542812,-12.898879179922524,12.5810215166519,14.545061346026214
2001-05-11,-9.27278887741382,-13.57921971081904,12.484491649195755,14.357936286190931
2001-05-12,-9.127490102154564,-11.478618300292236,12.920810532623095,15.039910918056599
2001-05-13,-9.833852119110492,-11.953054459307777,13.28545954825269,15.090763610915584
2001-05-14,-11.262038688782608,-11.670601351435455,13.46591098355961,15.663339357163052
2001-05-15,-10.646810979216188,-10.708984998514017,12.675663655638527,15.376536970561842
2001-05-16,-10.011621006632595,-9.758123645150576,12.472339812051885,15.467569419138256
2001-05-17,-9.279973786071874,-9.51316639983256,12.978353125013113,14.947170587976617
2001-05-18,-8.939536577808157,-8.051115548579709,13.148920546560273,14.992725353895748
2001-05-19,-8.784039985735737,-8.030816096597846,13.841169339875972,16.535505666914272
2001-05-20,-8.146211076685889,-8.272720443558857,13.501030023082894,16.571666482029176
2001-05-21,-6.951984977257961,-8.377391042936328,10.782304698056098,17.132979238625364
2001-05-22,-6.5271292536242775,-8.238546808295458,11.524446582596848,17.73761292733689
2001-05-23,-6.8983081524355185,-9.404920036611706,11.312511923686902,17.55891687179463
2001-05-24,-5.638051421838037,-9.775348889188553,9.788291934472273,17.620184989319025
2001-05-25,-4.849359272091586,-9.176358232466038,9.815870492155454,16.422882960862665
2001-05-26,-6.6584787176302695,-9.009178672305307,10.752376758274332,16.521075479576577
2001-05-27,-5.560506776990445,-9.308132019359235,9.92041368947575,18.510526636645317
2001-05-28,-4.468243228200395,-10.390605461014715,10.191581258574669,19.49577131012949
2001-05-29,-6.240290441626384,-10.062013523024278,9.991397648695509,20.310232840277543
2001-05-30,-5.74323350736914,-9.961807486075097,10.382990330422434,21.064339614196086
2001-05-31,-5.673017696517468,-9.610985703079718,9.467373694063987,20.748617213653745
2001-06-01,-5.150025631611059,-12.380297031658511,10.559984887564209,20.630096397223305
2001-06-02,-3.2840479871250325,-13.57960555040364,11.35046916182514,19.563380881253945
2001-06-03,-4.275662318442263,-13.709417718343794,10.16202966543633,20.456683635233436
2001-06-04,-5.115130795189045,-13.445005006659894,8.17576201598835,20.41091105830882
2001-06-05,-3.7823465509154905,-13.650939306838696,8.093784046817209,20.99607460899535
2001-06-06,-5.913530720832561,-14.563745562320445,8.646102949024783,19.232279650041626
2001-06-07,-6.477740883921344,-13.224084152759772,6.856535297355922,18.99151465329059
2001-06-08,-6.6379551411800115,-12.74550176358672,8.79516241639606,19.00881613381945
2001-06-09,-6.254449306342649,-13.423637981490414,9.79892963427647,19.21911455829073
2001-06-10,-7.676306529046785,-12.473527726583526,9.19930749992476,21.152621418294764
2001-06-11,-7.288965107776443,-12.589914119213653,8.538578436834129,20.17894622807212
2001-06-12,-6.176760066870756,-13.163275636553728,10.098485621897192,21.22534431218735
2001-06-13,-6.573928430795368,-13.435654978211405,9.734371523308203,22.26208024826969
2001-06-14,-5.892620057735293,-12.996789649115675,8.571925836383652,20.868776667651947
2001-06-15,-7.475692759511433,-12.998585439195827,9.681052065793363,22.17261243779886
2001-06-16,-8.435518752529997,-11.747934506675412,9.148045174779332,21.761970922612832
2001-06-17,-8.33899628241504,-11.99474072759464,9.920052488772031,24.01373109913084
2001-06-18,-10.130820924796975,-12.174830780302239,8.184825709046175,25.766662982265075
2001-06-19,-9.195385350184486,-13.638641289143882,7.7616777323278745,27.08111339261274
2001-06-20,-10.121967465734881,-13.52287306474671,9.74925756303971,26.15320063682863
2001-06-21,-9.793239684726139,-13.351038099377345,10.314791187726748,27.994381442428384
2001-06-22,-9.451119562125651,-12.78856737106854,9.725303866125675,27.30368901921757
2001-06-23,-8.93557764910952,-12.289613826808026,10.217466918205064,27.068804878805462
2001-06-24,-10.076846829588472,-11.346627525277846,8.652267987369843,28.256206933371995
2001-06-25,-9.599705580821078,-11.185249084681681,9.790180239457342,27.322876198964742
2001-06-26,-10.196452053856763,-13.152763362643352,10.69620391848646,28.158826249517187
2001-06-27,-11.072487301579585,-13.149934606311271,9.672823441525033,28.41565412717843
2001-06-28,-10.974748618555587,-14.640766550598851,7.945722706169223,28.50873005529228
2001-06-29,-10.87424396841536,-13.745230599179102,9.059427287387825,28.289822570788296
2001-06-30,-9.88456378295444,-14.85823417090459,9.314575679995832,30.218963106404477
2001-07-01,-10.248582221052542,-15.96408770754472,10.265628054513714,28.9160235294568
2001-07-02,-9.649565570564663,-16.866503338737168,8.351433302324628,29.795824504763736
2001-07-03,-8.971785407918123,-17.56172913105994,8.63456734402206,28.5606561660461
2001-07-04,-10.711121063629422,-20.464872200340388,9.896874565051265,28.435271181575434
2001-07-05,-10.570775217618399,-18.93583360043839,10.46970564890584,28.33950456390454
2001-07-06,-9.307962522442194,-18.492301296739498,10.330841452260806,28.965253990906977
2001-07-07,-10.040351894040386,-19.686061801925412,10.328328801492795,30.423786765240024
2001-07-08,-9.554296630827102,-20.920762886790083,9.520144154583624,29.810947686318737
2001-07-09,-9.932021173655006,-22.900886858445325,8.694544308600337,28.944143749047385
2001-07-10,-9.254915745459368,-23.005557675588108,8.043315864266889,29.5319318919784
2001-07-11,-8.595317482156654,-23.23101750507295,9.170101722870298,29.56452609213487
2001-07-12,-9.62424877204019,-24.16304602038702,9.626600167831329,28.73879487244091
2001-07-13,-10.032161967128337,-24.353183451304723,9.57893274869334,27.660354815838943
2001-07-14,-10.829048035330466,-23.56578896283752,10.075871158291019,27.18608807122021
2001-07-15,-11.213829631399259,-23.757437330404976,8.188618176670513,26.68987889223833
2001-07-16,-11.4685775822607,-25.355949572609553,8.091665458915966,27.274515084636
2001-07-17,-12.557107147752497,-26.056244714173218,7.780923419190652,28.471359231172794
2001-07-18,-13.440271034441983,-25.578486764989925,8.655040494955824,29.041209128302018
2001-07-19,-13.87497585860663,-25.382931988345543,8.733039565474025,29.636104415154882
2001-07-20,-14.423184366161292,-26.251182865793798,8.800165959877246,29.866597699345725
2001-07-21,-15.558467042325466,-27.77007932495878,8.975388627635494,30.144004152985055
2001-07-22,-16.540476711008477,-26.415077438660635,9.698256260321363,29.41694202417982
2001-07-23,-15.22321918789504,-27.004399619716967,9.114946959854235,29.128637685506696
2001-07-24,-16.655095041080852,-28.28969665991959,8.748184401151596,27.996340796587155
2001-07-25,-16.63872416917094,-28.45849833268073,7.6434197359821825,27.775207555060454
2001-07-26,-16.70248218000566,-28.31071667239384,8.072927848496596,27.258290049170995
2001-07-27,-17.585690530550913,-28.31815513163957,7.394751361935601,27.436372013822844
2001-07-28,-17.17319830431213,-28.81060416706399,8.710610876428383,26.668258732400783
2001-07-29,-17.885062969478412,-28.067110275048112,10.445304535177284,25.299405759142676
2001-07-30,-16.77307347902914,-28.89722205753305,10.84290706392635,26.247118510072827
2001-07-31,-16.963589052277303,-28.959966887860293,11.244567709460911,26.564060520987372
2001-08-01,-17.652189138741683,-28.073478163923983,12.770663814562623,26.892007168350954
2001-08-02,-17.251438719822094,-28.233141837286272,14.925521607258634,27.36572552513675
2001-08-03,-17.105618359151034,-28.447595426343575,15.418742331626119,26.04018175799623
2001-08-04,-16.5639645441938,-27.68606136800223,15.880305914368208,25.601564596124664
2001-08-05,-16.911035679406307,-26.62665293510321,13.560049700683455,26.724828784105394
2001-08-06,-17.51239811187926,-27.377374185172688,12.22012141563732,26.777072245515974
2001-08-07,-17.347632514122598,-27.716678902090653,11.481308180222833,26.0111433608539
2001-08-08,-16.207104821080584,-29.02560604966486,10.71890174621306,25.860216779324972
2001-08-09,-16.41545624990344,-29.770559673423296,11.107590900213609,25.461198616648847
2001-08-10,-17.104805478714443,-28.465179960684228,11.662285062974153,23.832880507115043
2001-08-11,-18.119635929053327,-29.75757659605351,11.337970305888586,24.986765476771215
2001-08-12,-16.461550037402805,-29.09724999517478,10.13812705430145,24.52957954037986
2001-08-13,-15.282410951512649,-28.303897872969838,7.957733563304403,24.695685914759363
2001-08-14,-15.970970432841543,-28.127963713979,8.094433253271616,23.503050560964347
2001-08-15,-15.052535510736446,-30.59144013642146,6.922483678635844,23.81589634024983
2001-08-16,-13.688604863231227,-32.86771667108269,8.389958991297654,23.346691816610793
2001-08-17,-12.912982053304031,-32.840491862317734,7.798219691280464,23.002680639072885
2001-08-18,-14.186877993388887,-32.388332409369006,8.186041681040013,22.441780300036797
2001-08-19,-13.718521022516267,-32.081053256430316,6.968017314577761,22.509356215883273
2001-08-20,-13.526616120177383,-30.830390385723273,6.5136740194885405,22.936568427228984
2001-08-21,-14.391019577618271,-33.45138590363959,8.553457242789133,23.167156548678488
2001-08-22,-15.605576000348,-36.24368605434587,8.933958778429933,22.77181242852432
2001-08-23,-13.467952122946317,-35.231552772354114,10.674843671851798,22.32722977315336
2001-08-24,-13.363653705952652,-34.70931169023157,11.83299085538068,23.441532690028662
2001-08-25,-12.283898004784138,-36.234844613654055,11.236456593879689,22.94552491071947
2001-08-26,-12.147131447589159,-35.998810861139454,12.495174882480663,22.27409705620232
2001-08-27,-11.42804465085379,-37.159887159508834,12.435595567659147,25.262444567022037
2001-08-28,-13.146581005157792,-36.81059895254376,12.929983602080148,25.072649634268735
2001-08-29,-12.8455095623544,-35.47063087387098,13.183971369873396,26.14862533242287
2001-08-30,-13.47062801477567,-37.10964694228941,13.640357267673794,27.77844915324973
2001-08-31,-12.249058262016309,-38.47523947109564,13.782895120513514,28.160420264036556
2001-09-01,-12.734585821881991,-39.56106783085555,12.818324399743712,27.83566176717932
2001-09-02,-12.656489849394454,-40.369483720285004,11.869022328508542,28.641447430137013
2001-09-03,-11.390943320855474,-39.819692349014986,12.24580052019727,29.727245787286837
2001-09-04,-11.340037432943179,-39.80221335739709,11.553680172618973,29.86185740043286
2001-09-05,-9.613861735086505,-40.067553630432926,10.822026066946272,30.36359586679489
2001-09-06,-11.065690410077671,-39.509549510246465,11.321562474105116,29.631202475798634
2001-09-07,-10.704817531425155,-39.297140410292045,10.458732634775746,30.054096198056108
2001-09-08,-11.87127918188008,-39.92393525702882,10.681889141037818,31.132341246802692
2001-09-09,-9.354153566457299,-40.87207527844451,9.838205587580928,31.868797243406476
2001-09-10,-10.107244044952568,-41.22836120504888,10.517847154381752,31.668757216675388
2001-09-11,-10.383539279497825,-39.644936288105214,11.288858185584125,32.15152017780673
2001-09-12,-10.240124486919326,-38.74916599942487,11.06796259672272,32.6705265441008
2001-09-13,-11.202748662033475,-39.286171251340384,12.525820260436936,30.7704655470852
2001-09-14,-11.260574104922709,-38.609348023277136,12.975949054158677,32.95883288091197
2001-09-15,-10.76788561714105,-38.22843834466578,11.845636654803064,32.15685889489697
2001-09-16,-11.121993095368541,-37.98229892971621,12.667238892053975,32.042629533368704
2001-09-17,-10.260177096129402,-37.97006601014499,12.251017779856245,32.23780398447227
2001-09-18,-11.967857748223734,-36.90191234953059,12.026596733420156,32.75716761276278
2001-09-19,-13.537643022333564,-36.65795527233305,11.364754721319017,34.090984711522296
2001-09-20,-14.327456459775279,-35.33038772249753,10.494679375171215,32.48965190848604
2001-09-21,-14.387491142731745,-34.56738188977461,10.299152209801186,31.393560446668253
2001-09-22,-13.678293287700157,-33.22743839308241,9.217001980234338,30.62438877012845
2001-09-23,-13.07983851243046,-32.51879087998405,8.105410468598008,29.850995659268005
2001-09-24,-13.45920957523144,-32.30353034629823,9.162011828920805,28.019046952334037
2001-09-25,-11.608937382332307,-34.473428291481454,8.520632899051082,27.986286312464806
2001-09-26,-10.531365656921624,-33.42956275377408,9.03390166446876,27.39387646321117
2001-09-27,-8.918662019104369,-32.474117781343836,8.6752117562537,27.182562665948954
2001-09-28,-9.516263581197151,-32.36346505635987,7.619321238335106,27.61817505338862
2001-09-29,-8.185964082428654,-31.1602738772183,7.073884151059262,27.480161685157267
2001-09-30,-8.058506410438591,-31.69345443933639,7.25732145365549,26.759832497294166
2001-10-01,-8.828065170453979,-32.11943131239875,8.531582792093767,28.847023085223462
2001-10-02,-10.189235403993537,-30.363796998494024,9.446154508668943,28.33179252336465
2001-10-03,-11.535981568701523,-29.640298886042622,10.626437070346002,28.695696668923606
2001-10-04,-12.80888682163671,-29.752034810142984,10.685496839508257,30.42923042044035
2001-10-05,-13.42424707830202,-27.67756037454973,10.515822909624248,32.806537184961456
2001-10-06,-14.919799668363718,-27.480007683368427,11.260840104797339,33.94329035776552
2001-10-07,-14.458764408997023,-27.808487514442085,7.5146760531204215,32.074909713247045
2001-10-08,-14.805308124337381,-28.29206510693369,7.55053204058199,30.440668295473266
2001-10-09,-13.516146778771708,-28.238756609882834,8.887028276588575,28.533564277423597
2001-10-10,-11.3158184070285,-28.976338584593343,8.242946651427092,28.165050529581507
2001-10-11,-10.331326153510913,-28.722057917280384,8.96264011807775,29.021205592906437
2001-10-12,-10.854405114096828,-30.068767834493382,9.966166997602262,26.999855708159757
2001-10-13,-11.487645713934953,-30.30565287561279,10.832886408587408,25.930584407347688
2001-10-14,-10.586566552636707,-30.532281557257836,11.302346107885274,26.929615699671697
2001-10-15,-11.212945663270702,-31.868456229484945,12.387927828482194,28.657936799809637
2001-10-16,-13.25645989609375,-30.576778668172654,13.945791326273248,28.175305895527114
2001-10-17,-11.80473936354074,-32.09452617382697,12.282612891833669,28.058799655681856
2001-10-18,-12.686913200890336,-32.843420088893104,12.335797100707014,27.90496872145328
2001-10-19,-12.860391239868601,-33.697635223150996,11.488649140693987,26.78408484672912
2001-10-20,-11.812806596943835,-34.713997442391445,9.976647817947178,26.457935820396813
2001-10-21,-12.651482341685753,-33.523788854722106,9.528878539143827,27.440023922694127
2001-10-22,-12.62026336581703,-32.610858381812996,10.212536825127534,27.219956552500502
2001-10-23,-12.225031893961742,-32.78659559072502,10.66661914857722,25.413224288531087
2001-10-24,-12.759501042940709,-31.672578176021783,9.467985994347593,25.201589976698777
2001-10-25,-14.676253761515344,-30.987735983181118,8.460337121337014,25.29363060808007
2001-10-26,-14.317672616231844,-32.50104377962788,8.046356932051093,26.284184957252887
2001-10-27,-14.3891819798407,-33.49487676645647,8.376856330289819,25.240043373879487
2001-10-28,-13.852157974768303,-34.28946635986153,7.719249879963071,25.94303568612785
2001-10-29,-13.568605324389475,-33.636638080629965,7.11032901301493,27.840065590445793
2001-10-30,-14.17281652732121,-34.026154163823726,6.841465883583657,29.236317147130862
2001-10-31,-15.478041111373042,-33.28451799287801,7.30276311758689,30.208660740279175
2001-11-01,-15.826818313784191,-32.98185312533525,8.993444768830884,29.89639782532409
2001-11-02,-16.13123541594134,-34.87242271735992,7.969844990258807,30.42896426581021
2001-11-03,-18.704689198732684,-34.83584125477365,7.350266865463889,30.808270226195184
2001-11-04,-18.67458030884688,-34.34786458794157,6.868342904802929,29.58913510690154
2001-11-05,-18.763715455112305,-34.2385315223182,7.149521098577677,27.14704479010198
2001-11-06,-19.14245319405525,-33.299752188842604,5.757964290889133,26.797915743303587
2001-11-07,-19.547721010007244,-33.643285573079055,5.10358287533816,28.754938929533065
2001-11-08,-19.557620810541856,-35.00127102396874,3.1115850439592494,27.811339348162072
2001-11-09,-19.25446579168472,-32.29992457251945,1.84535230031394,26.689886852319454
2001-11-10,-19.594937229203406,-32.56649086487421,1.0105440489617536,26.990356391015727
2001-11-11,-18.138770782852657,-33.46127106405029,-0.08433704236710482,25.87354701489275
2001-11-12,-18.6714719086656,-35.420995267910826,1.2359864040789459,27.40312966049203
2001-11-13,-18.518488148621657,-34.75546200024723,0.1080086953753181,27.21610550246633
2001-11-14,-19.57323330279039,-35.49742696193957,0.19538833329179728,26.514643605566445
2001-11-15,-20.31919646567154,-34.42288640582002,-1.08200186161248,27.01432324622375
2001-11-16,-19.84281326311213,-34.28225573439186,0.2016075766073322,26.21595046006127
2001-11-17,-18.65558495643979,-32.69095291712311,0.6338980702321486,27.209835040334987
2001-11-18,-19.64870277023196,-31.725641506862306,1.3243148075298028,27.309152322838113
2001-11-19,-21.09326588766518,-31.890220726316908,0.3054491118622764,28.88912877458599
2001-11-20,-22.595406978811987,-30.923223974884994,0.7096965541911986,29.044495339693405
2001-11-21,-22.81501532319577,-31.508932935153585,-0.5434817796542215,29.594065961040386
2001-11-22,-23.318848147902635,-31.14489532261968,-0.8461019403549543,28.11120683818061
2001-11-23,-24.037546200660024,-31.46508129095046,-0.34529321259013646,25.76023026373192
2001-11-24,-24.138485017075936,-33.04283613349883,-2.3431460665254606,26.221944362266534
2001-11-25,-23.834034468575897,-32.56348953301137,-1.572599638611254,25.15355276854268
2001-11-26,-24.6213441860375,-32.80266008977488,-0.806939932412371,25.511988846374813
2001-11-27,-24.440449533169726,-32.894038090447616,-0.2499482524498724,25.91040015693948
2001-11-28,-22.704029249497868,-33.227848636792324,-0.5641597080821832,26.369185968253042
2001-11-29,-22.086965911889482,-33.60609346031013,-0.1649569300354934,24.598853478238137
2001-11-30,-23.093214112917867,-34.55593224812882,-0.413933761171049,24.913649529677343
2001-12-01,-22.89166626738858,-35.337992978895585,0.6134007286582077,24.33041255611229
2001-12-02,-21.719931894351323,-36.29133624764345,-0.6832753477217444,24.832282464658093
2001-12-03,-21.218585199730192,-37.618956391129544,0.6084699045844693,24.000195280702833
2001-12-04,-20.04316497914256,-39.39894264743048,0.6096807937852037,25.31242957708644
2001-12-05,-20.06509132249135,-40.626739517516114,0.17700308587237812,23.360774400516355
2001-12-06,-20.569177330180523,-40.02126595643131,0.5380756363910784,22.96851977010652
2001-12-07,-19.151678615171907,-37.71621777807003,-0.28736397208947684,22.469521089109467
2001-12-08,-20.171802119031867,-38.118587144898136,-0.5256072056605856,23.654749048200948
2001-12-09,-20.71309180114823,-37.720633667391716,-1.007974732634624,22.42891730802165
2001-12-10,-20.79123295512064,-35.636246412172156,-0.18324142135249077,21.920226912282914
2001-12-11,-19.530850716926206,-35.66972051018154,-2.052974353259216,23.835211745649215
2001-12-12,-18.246218461610603,-35.811408467299806,-1.277190583368417,24.900086724071784
2001-12-13,-19.182494287787076,-35.582157131142324,-0.4402552764104536,24.92362890844208
2001-12-14,-16.548817995717002,-34.69828371814393,-1.3408731547824613,26.068595099680216
2001-12-15,-16.458259657647197,-35.03091614821549,-1.2220737362294656,26.6501021106348
2001-12-16,-17.854031786028905,-35.18126915254659,-0.031116296548601374,29.141730317514718
2001-12-17,-18.147071845860914,-36.90496082449865,-2.471853024684232,27.055250279594073
2001-12-18,-17.63783548205747,-37.216925215832326,-1.835189255991773,26.544536740965725
2001-12-19,-17.699743250684186,-37.14564981662419,-0.3744980948569854,28.432376299801085
2001-12-20,-19.201560633959385,-39.54718099981684,-1.8396910040338366,28.38085118277068
2001-12-21,-18.649258587064047,-38.24476710557008,-0.6663622032554741,29.39411412614932
2001-12-22,-17.60307836536578,-36.05777201452428,-0.871164015271435,30.403360098182336
2001-12-23,-16.504980001470614,-37.25399433290279,-2.2892164576939873,31.396545339043445
2001-12-24,-16.295938518061636,-37.30631054667858,-2.3168150439273556,30.207657211289316
2001-12-25,-16.021764611365537,-35.57359526707592,-2.5524754989430383,30.305908956065
2001-12-26,-16.142039071837864,-35.01355280715521,-2.9412271001353782,31.15436320896254
2001-12-27,-16.662187852392012,-34.92132223178969,-4.073850013031512,29.994087390808843
2001-12-28,-16.51705184169444,-36.83949763861783,-2.294130747301323,28.82656266507386
2001-12-29,-16.27818188519574,-36.773865901617825,-3.2718443363880936,28.004619650984335
2001-12-30,-18.048694552277333,-36.54466941877319,-1.8007918947122055,27.607941968890486
2001-12-31,-17.682358972332047,-36.74985150511895,0.9255953972333781,28.214379850677002
2002-01-01,-17.98799361953351,-38.297222976323724,2.4427059488456937,29.002364065820124
2002-01-02,-20.23559492124393,-37.70184936947365,4.521574313198391,28.78366395943017
2002-01-03,-19.213262579878688,-36.63619701201969,4.953459775737949,28.505735614383468
2002-01-04,-19.409025107800062,-37.29462204542493,5.578610989590029,30.23509853932805
2002-01-05,-19.57038681416482,-37.88773195635347,5.619027774002501,29.779225702483423
2002-01-06,-19.34726617987285,-36.05233620372951,4.12585201296684,29.502661208818978
2002-01-07,-19.56358385435252,-34.95157788344362,4.1368183401421375,28.67677895821693
2002-01-08,-19.60440944146212,-34.549393867153825,5.431619546308393,30.434081723658174
2002-01-09,-19.547917364758906,-33.88788817830219,6.151367279876938,30.753753416412287
2002-01-10,-20.324521834029387,-32.59061650446581,8.387857622254476,30.92228989847509
2002-01-11,-21.990601720792572,-32.91618107117875,8.971103778832065,32.158005280218795
2002-01-12,-23.825995231450158,-33.737299782436175,7.498184460303273,33.07707622854809
2002-01-13,-25.284488805240294,-35.56762557775641,6.9971047816825855,33.07980498177381
2002-01-14,-25.313729844870085,-34.74910111169028,6.698841684289186,34.274532604231645
2002-01-15,-24.28122029744202,-35.14029311113267,4.359399666439253,33.23054018762861
2002-01-16,-24.222746595687934,-34.100541284832794,3.83583894792119,34.35279794365051
2002-01-17,-23.555471942313357,-35.484182108942946,5.361150381512411,33.77945392714375
2002-01-18,-23.033217204562984,-34.6623847333161,6.2896191802956,31.823082915079443
2002-01-19,-22.327920050519715,-34.5366197135291,7.506786883830631,32.99767155289928
2002-01-20,-23.36508854548003,-32.59024237707696,6.9295203007857396,31.377076576800494
2002-01-21,-21.95103960479375,-32.62777704959315,5.851729382060509,31.234577365274493
2002-01-22,-21.75446481797765,-33.58653025581604,5.270494572485496,29.64325760211129
2002-01-23,-22.14668064983515,-32.5858409123844,6.158765414932084,30.077395330936845
2002-01-24,-21.80124798481439,-32.03600044339465,6.574171082150921,31.03523589739667
2002-01-25,-21.98448646717651,-31.585159357661162,7.602416941388877,30.368894074020883
2002-01-26,-21.400133950084765,-30.899628443547307,5.691114633084519,31.8109996628767
2002-01-27,-21.54597059250689,-31.163180778734038,5.750367313244038,31.48037864117949
2002-01-28,-20.97086630439971,-31.89411495926376,5.941921258625006,30.649559544972384
2002-01-29,-20.41567450250742,-31.43061189260501,6.743732063370695,31.081623021866815
2002-01-30,-19.928110153279494,-32.65564852819527,6.092331261279192,30.470446134246654
2002-01-31,-20.02981589873234,-32.6178151272762,6.771863842430648,29.560731828322226
2002-02-01,-20.886577289334546,-33.8435048348109,7.2934006543309735,28.572727112507213
2002-02-02,-22.978788702779813,-34.769978460964325,7.335538557176237,28.234703258236774
2002-02-03,-24.307258972081698,-34.41726710028015,7.582847933736612,28.929283107303107
2002-02-04,-24.603636598521934,-35.13554657706559,6.333931642471214,28.623429231978736
2002-02-05,-23.40093207720763,-35.07363232189716,5.984839217044476,27.604029325614313
2002-02-06,-24.027732333669153,-36.16107917813081,7.422366835076991,29.554806229727486
2002-02-07,-23.62675637817501,-35.418860493356874,7.722492469474068,29.5614837594344
2002-02-08,-23.73347446012144,-34.71053136756241,8.52342181331921,29.403766841336026
2002-02-09,-23.714935405489413,-36.65707317645422,10.558080044624038,29.46100308524443
2002-02-10,-24.274802343948387,-36.10590548880244,10.432643150095426,28.72650875630263
2002-02-11,-25.850274769149188,-36.651500517650646,11.328226575068273,27.635362500077377
2002-02-12,-26.825341258351912,-35.67300207440269,9.869008861943048,27.198567477068114
2002-02-13,-27.07745828165685,-35.81315989557325,11.277854934996347,26.699772719560706
2002-02-14,-26.822835820629205,-36.898207897364564,10.891687175063959,26.579264119917365
2002-02-15,-26.421417999080532,-36.91585353301822,12.583062742430526,26.296838501714152
2002-02-16,-27.568108607378427,-35.68907741521949,12.677192160050842,25.64858556236134
2002-02-17,-28.23884742298675,-34.64463630286275,14.496812618114928,25.016606544877305
2002-02-18,-29.91939991618609,-34.637140548265585,15.656580789507256,26.189807040397312
2002-02-19,-29.008839281674128,-33.116550882880475,15.581761558463686,26.908374968123006
2002-02-20,-30.069175464444704,-34.267997228329044,15.75764896271624,26.690545916780103
2002-02-21,-29.669590152481256,-34.69072980939081,14.326688036658423,27.17665903042342
2002-02-22,-29.81372157174775,-34.4375923339526,13.642408182552195,27.109068870168738
2002-02-23,-29.35816400860546,-34.55648606486128,13.342241166617463,26.6947550132047
2002-02-24,-28.724286098961166,-34.493400841226126,12.181268500316925,26.306344166813318
2002-02-25,-28.15793359921758,-35.300508490475146,12.052599472059255,27.37753895353341
2002-02-26,-28.50989017950569,-35.13632937383868,12.969820717248055,26.283212025573533
2002-02-27,-28.114316900153312,-34.71633656771701,12.65716727970294,25.02964361620515
2002-02-28,-27.915808414137178,-32.77902572655255,13.266071963744718,24.66921169941217
2002-03-01,-27.325331426160115,-33.257536364443354,11.34497649490703,23.09813395175889
2002-03-02,-26.956244715185207,-33.25634474387412,10.945839303717744,23.614952351599975
2002-03-03,-28.613700621804103,-32.294817214187866,9.332074697936317,21.387414899502822
2002-03-04,-30.290674003050377,-30.711516515062556,7.584168139682632,22.700338277144695
2002-03-05,-30.915017858542114,-29.726367933619187,7.638953587206082,20.92852901437764
2002-03-06,-29.90329200432764,-31.63541577689333,7.460210968311851,23.619434208180426
2002-03-07,-31.226977927903103,-32.188933556691936,8.351686346258706,23.467879451244045
2002-03-08,-32.09634084839119,-32.322554979020204,7.686270921381413,23.267455556744256
2002-03-09,-29.506856448277155,-33.501421202993214,7.26794011526122,23.673360908793406
2002-03-10,-27.259446432845813,-34.34813868839463,7.264652950444217,23.88763713630263
2002-03-11,-29.270870966841187,-34.6120275950732,6.121101962031199,23.589224318238294
2002-03-12,-28.044381696602336,-36.13077213206387,5.451978372426722,23.52978799713194
2002-03-13,-28.04236527491783,-34.7028744054073,4.6805332831074615,23.03805611855023
2002-03-14,-28.51387716044851,-34.50891272541825,4.599605171383588,24.293469160032917
2002-03-15,-26.678722943649944,-35.498511362623624,5.717843885269016,24.55272422071206
2002-03-16,-25.58637887917516,-35.53572404350177,4.53457268318558,25.070595872709596
2002-03-17,-26.46596910375269,-35.03482809542689,5.888933448383704,26.40304253600777
2002-03-18,-24.63345267953114,-34.91553605003598,5.993085777666043,24.78638320975663
2002-03-19,-25.231978592204396,-34.3708077904649,6.563332913651369,23.182457408025492
2002-03-20,-26.46332975208441,-33.39490276615495,5.1929729912918,22.29287649309457
2002-03-21,-26.05237725942843,-32.49367291759478,3.4276899878663967,20.804054240210984
2002-03-22,-25.26680117009582,-31.92879266676868,4.884283935738268,19.51818069380668
2002-03-23,-24.54457986857806,-31.406505719084986,4.583070351434212,19.238051009428432
2002-03-24,-25.056411879390453,-31.554991333782617,6.139249832679579,18.381613522303628
2002-03-25,-26.62521889653836,-31.731107928456794,4.948942034114557,19.106920764950434
2002-03-26,-28.31879932038424,-32.087848440418874,4.872991168387407,19.39896958296664
2002-03-27,-27.36692206999569,-31.208246941103212,4.6881182666787735,17.28198604154933
2002-03-28,-28.16383839054169,-33.24882673659479,3.4524416256586887,17.169590572709325
2002-03-29,-26.30292655980705,-32.58309294036867,5.3846822462244734,16.53662662561931
2002-03-30,-26.262157255644166,-34.575343321512975,4.652659039800314,15.738700448252713
2002-03-31,-28.932405364460358,-35.16605074905574,4.134169322359079,17.315933707106133
2002-04-01,-28.530991074891528,-34.251057697127315,4.2181860249783725,15.878608649601448
2002-04-02,-27.95550745686504,-32.869823254604654,5.0884953305586516,15.367130126439172
2002-04-03,-27.821877560047465,-32.12041687801067,4.741445905651689,17.51217822680023
2002-04-04,-26.658020677784258,-31.63001005278798,5.428439528481725,18.021136206915408
2002-04-05,-26.88536998868124,-30.89331399188893,6.4112919243351625,18.242528888915032
2002-04-06,-26.93977470077265,-30.781580348785326,5.36234622599639,18.54781749072587
2002-04-07,-26.8946892165752,-29.841835640930398,4.655427017204968,19.279183941718333
2002-04-08,-28.996174408479444,-29.405703436971006,4.7767017350861884,19.782868468036696
2002-04-09,-27.294215686940937,-29.79436186961345,5.198543517895634,19.028503456840347
2002-04-10,-26.00198602319348,-29.708845427863654,5.8658729613747616,19.2214351700887
2002-04-11,-27.946473840822556,-29.38999631992546,3.701930959177116,20.957746129660396
2002-04-12,-28.021192771583188,-29.16175008283593,3.3550785251041217,21.251349786556794
2002-04-13,-28.000410237035286,-29.281407148680636,4.206543065472098,20.13986960794036
2002-04-14,-28.04761024198864,-27.93499802033978,3.2965953817787734,22.338784907364364
2002-04-15,-29.125435390683613,-27.583838296604608,3.405306598359699,22.966416988003
2002-04-16,-29.622369201767935,-28.448811973608915,3.5400210915087293,24.56653005771692
2002-04-17,-28.843998446867346,-27.700298819420908,3.2725151163904114,25.23548963323699
2002-04-18,-29.601654143807043,-28.759696253276882,3.651897359262953,25.29939150274729
2002-04-19,-28.651489328072,-29.91896406667712,2.5215371546803143,25.58149916777818
2002-04-20,-30.065223713626928,-30.649535324009108,2.152596840060977,25.806011270824246
2002-04-21,-27.40596547478564,-30.887885577104193,2.893705258416873,24.88100427323237
2002-04-22,-29.242882456179238,-31.707595175208574,2.8430667840143857,24.71123506148346
2002-04-23,-28.77055160039582,-33.20060932439947,5.353673713565595,23.271382298891414
2002-04-24,-28.64630333334856,-33.74995677829388,4.695556634166376,24.76992277200811
2002-04-25,-28.201126864469312,-33.67677377016982,6.150659192318092,25.32114758842109
2002-04-26,-28.010163434361004,-34.29126089039065,6.66761313720312,25.155436698141497
2002-04-27,-28.177026492697255,-34.629114569690806,5.581532224757794,26.58214752405516
2002-04-28,-29.100387293948952,-35.45728916822855,4.350711428016407,28.38176646460995
2002-04-29,-29.765770564616176,-35.99827066982901,5.7857885053290286,28.103553979459786
2002-04-30,-30.157160005538554,-36.778219392495814,4.922267271236202,28.595682723633473
2002-05-01,-30.137690431708922,-38.50688487915043,5.677427164389808,29.249186492430802
2002-05-02,-30.72752262590523,-39.47908418420068,5.55513606723267,29.13711390393817
2002-05-03,-30.471334127612224,-37.502526809951995,6.350063296602792,29.490288197196204
2002-05-04,-29.015755765435877,-36.85864488870103,6.238643728789473,29.611046406737266
2002-05-05,-29.57416544147281,-36.93404248201115,5.222009185049617,30.255437540801548
2002-05-06,-30.618043089507946,-37.03885467261093,5.023904480741928,32.44050861053236
2002-05-07,-32.06515859509588,-35.315796134015265,4.873890929355341,31.91105219426794
2002-05-08,-32.60376891669713,-35.38659984186365,5.583431441130861,33.429143125934814
2002-05-09,-33.21771716253015,-36.437626298947116,4.572371206209232,34.807112178039816
2002-05-10,-32.85242377281965,-36.672207766264584,3.6148523699986166,33.24616007565538
2002-05-11,-33.21606452810506,-35.78943865646977,2.1029359562992913,32.88394548948994
2002-05-12,-33.701959208269294,-35.41988932047231,0.32585859082883784,32.507499590835714
2002-05-13,-34.26534854948098,-34.660399537675815,-0.08762746747846617,34.248750663148954
2002-05-14,-35.22742359383658,-34.3910089766399,-0.666472304096385,33.999854559210284
2002-05-15,-33.58937747853301,-33.78646032124701,0.595473294481376,35.48675674357457
2002-05-16,-33.71980780764336,-31.491087386395748,0.3991399153058679,36.05621034367722
2002-05-17,-34.893549749214614,-31.440950450746346,2.0854312303678615,35.37950989153332
2002-05-18,-36.24518551746848,-32.35848012838224,1.2929869804829996,34.49531104160668
2002-05-19,-35.116944964881974,-32.03929193183064,2.141719795861379,36.03335684574085
2002-05-20,-36.54817175354117,-33.24052460414127,2.4133139234771286,33.81842975493922
2002-05-21,-35.92198669162079,-34.14399185809132,1.6294977588793595,33.54054914192943
2002-05-22,-37.320563079876194,-34.43963119268771,2.9336288232968064,34.00161648457747
2002-05-23,-38.068713223517015,-34.64207643926798,1.1797443997582566,34.2581732608968
2002-05-24,-36.54095177882292,-33.46959123148031,2.2081380500332664,34.20442852930598
2002-05-25,-36.14998506481099,-32.55173040441416,1.5151763135877432,32.03611644913476
2002-05-26,-35.83935939847626,-32.758410171098866,1.6702484500162027,31.48754002138307
2002-05-27,-35.2302384691168,-33.06340318649794,2.9270650282464885,30.031734793630367
2002-05-28,-37.10676807410308,-33.48020925628468,4.272183161568458,30.16098862559858
2002-05-29,-36.603505134921704,-32.88840946402322,5.386455925812624,30.430420049658956
2002-05-30,-38.038039917619436,-32.45773846443058,6.19153471660205,29.807936057699322
2002-05-31,-37.88043414124438,-30.680365595007004,7.5542793704355855,27.67404813617317
2002-06-01,-38.342274657797894,-32.29122175378708,8.011843445443873,27.03496794900894
2002-06-02,-39.320528794472764,-33.50875670337848,7.104220221919727,28.064845970981423
2002-06-03,-39.155458937136665,-33.81290390386985,8.809477496176799,26.464906017583917
2002-06-04,-38.397302395622376,-34.14202125972242,8.255575430095217,27.243948940843186
2002-06-05,-39.03683951327986,-34.643415052619076,8.063690528847324,28.74626988759794
2002-06-06,-40.38624703876759,-36.527068212567244,7.539626263498119,28.91705408807298
2002-06-07,-41.135079782963516,-36.56698627538294,6.238292987960127,28.733983092829295
2002-06-08,-39.62369464502038,-36.099520167853825,6.465739050987525,29.76584383189725
2002-06-09,-40.72213004500158,-35.902780815271555,6.5653747889410505,29.389892299580413
2002-06-10,-42.24213913056204,-36.21744701684904,5.532290492169127,29.858778239376388
2002-06-11,-41.826152626192005,-36.177776744246046,4.670638816612481,29.762567510267544
2002-06-12,-42.6315342468278,-37.61126324479378,4.153111167191566,30.38231101614154
2002-06-13,-43.51309654294447,-38.02088289931985,2.2567777929407846,31.831904969327084
2002-06-14,-44.044257501286765,-36.90749097960737,3.0451447510932725,31.31666055657908
2002-06-15,-45.291626366338456,-36.4340189476476,3.116623626448807,32.99363721267692
2002-06-16,-44.56649322054577,-37.19678362284982,1.2181226103135008,31.81140482951992
2002-06-17,-44.01184100176176,-36.52132952183843,-0.9256342977566088,32.50088655243946
2002-06-18,-40.93579138308394,-37.38854855334389,-0.9447790951076382,32.4385650438453
2002-06-19,-40.693188444280025,-36.285061481503334,-1.1133500773017675,31.2293750298332
2002-06-20,-40.995828844855666,-36.418398307644196,-0.6682721150742272,31.41255631575089
2002-06-21,-39.243723501538696,-36.75428396204187,-0.4543837178028918,32.387045463901096
2002-06-22,-39.22857564036955,-37.326400901448665,0.9152151889428368,31.027955434371076
2002-06-23,-40.98797419439273,-37.552011995934386,1.3678920336017217,28.942631459164303
2002-06-24,-41.1102215702545,-37.872641988497946,1.188536861119425,27.96441067595863
2002-06-25,-40.32296258408693,-38.586936991881956,1.6154003621269704,27.774922113999825
2002-06-26,-37.62537460997527,-39.742368145076995,2.1379298289310906,26.851633442136247
2002-06-27,-37.84519060901232,-38.868954942551355,1.7210280870359023,26.032095499709147
2002-06-28,-37.95875240008119,-39.49686653459781,2.2608359755604006,25.704866402761333
2002-06-29,-38.318539750929766,-40.485495634482746,0.9475814955394841,24.962843012193417
2002-06-30,-37.0060825192259,-41.89615458002394,1.3471198639382624,23.542754981869155
2002-07-01,-35.916530317521385,-39.79276293741753,2.6620357431475865,23.12839657719494
2002-07-02,-34.97816362343333,-40.89587396425825,2.5342247270935703,24.427967797654546
2002-07-03,-35.05589491787057,-42.44562945263418,2.5078557256302045,24.561466254900644
2002-07-04,-34.53826109589024,-41.71942541193067,4.568518610640812,25.649686041836677
2002-07-05,-33.71014319110154,-41.535147244006154,5.092528555759396,25.535592984681468
2002-07-06,-33.69044116911697,-42.8916868093673,6.092693135224287,25.46304736503713
2002-07-07,-33.87523996331296,-42.241090463184676,4.289788941567695,24.178157951892548
2002-07-08,-37.068166271471114,-42.70902693905371,3.5320934010846305,24.411565755894454
2002-07-09,-35.426841724980605,-43.7014640905127,3.4378580598213304,24.780983594980555
2002-07-10,-35.40572930403656,-45.540199412619266,3.5190335218649293,24.557482348951524
2002-07-11,-36.28298693229702,-45.83904761261475,2.5677718968242527,24.112554489135263
2002-07-12,-36.47529648461277,-45.26240037914429,3.4217047825946745,24.652124023223145
2002-07-13,-34.49950269290355,-45.99770863914791,3.762589619658466,24.173552529248482
2002-07-14,-35.77090217493244,-46.91974355636789,3.250875216068065,24.200812941484795
2002-07-15,-37.052927626375684,-47.23843013006793,3.6083373685204942,25.546121964123472
2002-07-16,-39.23163008398535,-47.85779186608324,3.370058587167843,24.7420052831335
2002-07-17,-40.678228097400144,-47.30418956961667,3.2089004825567677,23.568863563277773
2002-07-18,-39.05452043155337,-48.34971186242152,1.4813720570088649,23.718616268858867
2002-07-19,-37.34614046272176,-48.47929668548033,1.5533857274096439,22.812715444690774
2002-07-20,-36.57582074208941,-47.65940946389424,2.365839768118886,22.41760622888253
2002-07-21,-34.46188653687245,-49.01273498639095,1.6070428061189355,21.40238641771037
2002-07-22,-34.191939430337634,-48.94789718108887,1.6191982278246755,23.431717537025193
2002-07-23,-34.7862288188515,-50.810037150206135,0.2785441013673371,23.05946250152268
2002-07-24,-34.71792265269171,-50.281679471053515,-0.6469392254420483,21.990611358694988
2002-07-25,-35.14160976075653,-50.14943963933518,-0.03533010541884096,22.224404988236703
2002-07-26,-34.54067540052413,-50.508879189498565,0.08941392462241651,21.45633118173204
2002-07-27,-36.407602084764214,-51.403170705050286,1.2426655141876217,21.65978206862684
2002-07-28,-37.371310855983,-50.58375368118848,1.0146044579865598,21.010874751131563
2002-07-29,-36.68424167297454,-52.41203829970688,1.5545762532335083,19.919391244768775
2002-07-30,-35.161537894979276,-53.37392369902097,1.4129005493961055,19.361130166462523
2002-07-31,-34.56697786257356,-55.10227739329063,1.8448646122315162,18.873859093869164
2002-08-01,-33.58368867843947,-55.76745797097746,1.176658935498391,19.0819409910356
2002-08-02,-34.40463444581338,-55.802014741319574,1.6491891725734846,18.833654742463118
2002-08-03,-33.4846362456795,-56.599662449286946,3.4100550714439497,20.757059051734288
2002-08-04,-36.028328010469274,-56.04755045905912,2.8491838690751203,20.682667068955077
2002-08-05,-35.790532615501014,-56.149024817224905,2.8842398879483033,21.875816814789005
2002-08-06,-36.87173030607473,-54.353760339525316,2.723182598245567,21.79847206537317
2002-08-07,-36.077824753433745,-53.83490159245622,2.578453006430834,21.436583022800978
2002-08-08,-35.85704811012147,-53.04434435509114,2.567955753724395,20.983376931448856
2002-08-09,-35.02416555801515,-53.90563371144549,3.876173373312529,20.602039852923678
2002-08-10,-35.659635733464675,-53.77387429341115,3.128884383848903,20.581753339707692
2002-08-11,-36.2910845820637,-53.54819998701759,1.257790892149581,20.0755501432956
2002-08-12,-36.34075812393966,-54.081202625877715,2.2235404245070005,19.923634862890346
2002-08-13,-36.21651102493836,-53.72687577350545,3.0260446316283236,21.39169639844718
2002-08-14,-37.48072614368436,-52.97508063245307,3.128247241734485,21.27382221124817
2002-08-15,-36.692825198534926,-53.00017737404247,1.5148158924570083,21.366512423135347
2002-08-16,-36.42627543008588,-52.347644559842365,1.2374949873124608,20.05954548515128
2002-08-17,-37.21991460677758,-49.612464662566495,3.7206014089096007,20.871795975720836
2002-08-18,-36.86382906380254,-51.97307833882854,3.423338197632754,21.94799639875572
2002-08-19,-37.07530936148919,-53.73487430674024,4.038066309889894,22.547325158237225
2002-08-20,-37.121560442317694,-53.86780792682732,3.326751766470984,23.605241773766583
2002-08-21,-35.18313608040214,-53.13959512588036,4.648966760061979,24.609882441217866
2002-08-22,-34.51078452579276,-54.3625519092926,3.8149053554696604,24.432383660996212
2002-08-23,-34.71974317380349,-54.19283969306798,2.7428047185288813,23.830137573739872
2002-08-24,-34.71419656783655,-54.2378576915002,0.3933091317843478,23.69234306004046
2002-08-25,-33.750524371576205,-51.763361511550315,1.3654197875445626,26.111884590922017
2002-08-26,-33.46346180638703,-52.69088119596717,1.0309409602043949,27.495319801979907
2002-08-27,-33.65233167511068,-53.348799778811134,1.8701067013798882,27.74054472125701
2002-08-28,-33.35968057611636,-54.50969977235081,1.8863850104578768,28.316287449288982
2002-08-29,-33.02856898374779,-55.217344305892915,3.9842078469655196,28.77221162879569
2002-08-30,-31.466595753992433,-55.45182233703797,3.1540810895505693,27.844205795353375
2002-08-31,-30.928082643255394,-56.28088360771106,4.508245372644282,26.484721805763915
2002-09-01,-33.51412867015488,-56.80464909448998,4.887381222401899,25.942904097123023
2002-09-02,-33.99740407983983,-58.22916242553653,4.3876710252332956,23.70212655024401
2002-09-03,-33.98244294657196,-59.168831994787794,6.259439907043838,24.434844587294094
2002-09-04,-33.68810273825082,-57.517450442370176,7.06530290745204,22.533429791537994
2002-09-05,-33.0483835609711,-58.52550450600479,7.936928809763096,22.007343735844156
2002-09-06,-31.598078570789124,-59.9655055431811,8.276990350056678,21.01967262634485
2002-09-07,-31.64957435062737,-60.01490358760019,8.146320806952973,19.249569284990468
2002-09-08,-33.72311730339784,-60.644553810023375,8.39851521580826,18.897435664818136
2002-09-09,-35.27543504899667,-59.94108666832927,7.77212053780165,19.214741989797247
2002-09-10,-36.116620202414836,-60.1740768811954,7.70005295011265,18.83824827418254
2002-09-11,-37.00679369943126,-59.80568957935399,8.328093226242743,18.863438533342055
2002-09-12,-37.6224508065574,-57.37955758368975,8.038011736127864,17.954685306437614
2002-09-13,-38.200148772907454,-58.54078087853091,9.388037309866936,16.864022927233048
2002-09-14,-38.58558183102083,-56.8319193645079,9.740695004641186,17.593771938705824
2002-09-15,-37.62428550808266,-56.26186623590918,9.524219217005218,18.907464871482095
2002-09-16,-37.76656282840472,-56.7187157062344,10.17668558906365,17.8943306741353
2002-09-17,-38.9603593345368,-57.464526646408764,10.515112927536611,19.52129425131074
2002-09-18,-39.3431169698241,-60.08732592287045,10.596373411172687,19.574439772350097
2002-09-19,-39.26600601272908,-61.10459742478194,10.538707334248612,18.881791690431236
2002-09-20,-39.986597612351,-60.631714937354836,9.938913540414053,19.09615452940134
2002-09-21,-39.02700585668686,-59.92371360678743,10.75418403398387,19.806229969083432
2002-09-22,-38.028570458019864,-59.214329760891836,9.616620452996123,18.743093623927784
2002-09-23,-38.45308031266698,-59.23572625661579,10.138238097695952,16.950361933193218
2002-09-24,-40.625586988080535,-60.87653154895576,10.065394419727735,16.807583135738188
2002-09-25,-40.14096971366497,-58.95420534002046,9.72304957427125,16.828295600824404
2002-09-26,-41.49945286246254,-60.30031965090575,10.556871445636462,17.990413694003646
